Draw number,Draw date,Winning Number 1,Winning Number 2,Winning Number 3,Winning Number 4,Winning Number 5,Winning Number 6,Supplementary Number 1,Supplementary Number 2,Division 1 winners,Division 1 winners in WA,Division 1 prize pool,Division 1 amount,Division 2 winners,Division 2 winners in WA,Division 2 prize pool,Division 2 amount,Division 3 winners,Division 3 winners in WA,Division 3 prize pool,Division 3 amount,Division 4 winners,Division 4 winners in WA,Division 4 prize pool,Division 4 amount,Division 5 winners,Division 5 winners in WA,Division 5 prize pool,Division 5 amount,Division 6 winners,Division 6 winners in WA,Division 6 prize pool,Division 6 amount
4705,20/05/2026,16,2,43,20,8,15,5,19,0,0,0.00,0.00,5,0,52713.00,10542.60,174,24,81579.90,468.85,8218,1351,232158.50,28.25,23109,3322,330458.70,14.30,54902,7617,557255.30,10.15
4704,18/05/2026,1,39,23,8,41,27,43,10,0,0,0.00,0.00,9,2,50576.85,5619.65,148,20,78269.80,528.85,7633,1140,222883.60,29.20,18996,3061,316283.40,16.65,34835,5817,536459.00,15.40
4703,15/05/2026,2,33,26,8,41,29,13,3,0,0,0.00,0.00,12,3,115642.80,9636.90,156,22,178963.20,1147.20,8649,1395,509426.10,58.90,22796,3747,724912.80,31.80,61255,9359,1225100.00,20.00
4702,13/05/2026,42,14,15,11,32,5,7,29,1,0,1000000.00,1000000.00,10,0,140577.00,14057.70,181,20,217562.00,1202.00,11057,1543,619192.00,56.00,33457,4504,879919.10,26.30,68952,9252,1489363.20,21.60
4701,11/05/2026,25,11,3,12,27,36,41,8,1,1,1000000.00,1000000.00,10,2,132456.00,13245.60,203,39,204989.40,1009.80,11782,1713,583209.00,49.50,28649,4158,830821.00,29.00,46886,7165,1401891.40,29.90
4700,08/05/2026,40,4,17,41,20,19,10,5,2,0,2000000.00,1000000.00,5,3,36295.25,7259.05,87,25,56171.55,645.65,5319,994,159835.95,30.05,15458,2652,227232.60,14.70,37445,6818,383811.25,10.25
4699,06/05/2026,18,35,9,11,15,41,16,45,2,0,2000000.00,1000000.00,5,0,51718.75,10343.75,160,17,80040.00,500.25,7727,1067,227946.50,29.50,17818,2720,324287.60,18.20,33905,5462,547565.75,16.15
4698,04/05/2026,17,26,38,15,36,6,20,9,0,0,0.00,0.00,8,3,48914.40,6114.30,141,23,75702.90,536.90,7121,1148,215410.25,30.25,19042,2940,306576.20,16.10,43696,7043,517797.60,11.85
4697,01/05/2026,19,41,2,34,22,36,33,38,0,0,0.00,0.00,2,0,38962.70,19481.35,100,15,60300.00,603.00,5206,943,171537.70,32.95,13135,2447,243654.25,18.55,28032,5604,413472.00,14.75
4696,29/04/2026,18,2,4,20,15,41,36,24,1,0,1000000.00,1000000.00,8,1,54164.00,6770.50,198,25,83823.30,423.35,8873,1245,238683.70,26.90,20265,3050,339438.75,16.75,39216,6408,574514.40,14.65
4695,27/04/2026,8,26,43,33,10,24,11,5,0,0,0.00,0.00,7,1,48889.40,6984.20,130,13,75660.00,582.00,6883,951,215437.90,31.30,20619,2811,306192.15,14.85,55960,7231,517630.00,9.25
4694,24/04/2026,17,3,13,36,7,40,45,12,1,0,1000000.00,1000000.00,7,1,40264.00,5752.00,135,27,62316.00,461.60,7424,1420,177433.60,23.90,16011,3119,252173.25,15.75,29642,5807,426844.80,14.40
4693,22/04/2026,24,13,34,37,23,1,9,31,1,0,1000000.00,1000000.00,6,1,54946.50,9157.75,153,20,85037.40,555.80,8205,1242,242047.50,29.50,21393,3245,344427.30,16.10,44034,7179,581248.80,13.20
4692,20/04/2026,18,34,30,40,21,13,24,39,1,0,1000000.00,1000000.00,13,1,51361.05,3950.85,160,21,79488.00,496.80,7918,1232,226058.90,28.55,18669,2857,322040.25,17.25,35638,6035,543479.50,15.25
4691,17/04/2026,31,24,13,16,11,22,28,36,0,0,0.00,0.00,5,2,38970.75,7794.15,160,36,60312.00,376.95,7395,1356,171564.00,23.20,16268,2846,244020.00,15.00,29741,5012,413399.90,13.90
4690,15/04/2026,9,26,22,37,35,13,38,2,0,0,0.00,0.00,8,0,51312.80,6414.10,156,27,79411.80,509.05,7895,1157,226191.75,28.65,19299,2825,321328.35,16.65,35840,5642,542976.00,15.15
4689,13/04/2026,44,28,6,25,13,30,23,14,1,0,1000000.00,1000000.00,8,0,49360.40,6170.05,150,19,76387.50,509.25,7494,1112,217326.00,29.00,21232,3120,308925.60,14.55,42804,6480,522208.80,12.20
4688,10/04/2026,23,10,30,34,31,19,27,40,0,0,0.00,0.00,4,1,38265.20,9566.30,96,11,59217.60,616.85,6148,1115,168455.20,27.40,15090,2671,239931.00,15.90,26652,5018,405110.40,15.20
4687,08/04/2026,40,1,34,4,35,32,7,10,1,0,1000000.00,1000000.00,17,2,51344.25,3020.25,147,26,79460.85,540.55,6682,1169,226185.70,33.85,18679,2877,321278.80,17.20,51556,7201,543915.80,10.55
4686,06/04/2026,38,28,19,39,44,34,45,29,0,0,0.00,0.00,9,2,45191.25,5021.25,117,24,69936.75,597.75,6396,967,198915.60,31.10,15955,2474,283201.25,17.75,29762,4793,479168.20,16.10
4685,03/04/2026,43,13,28,39,41,40,2,22,0,0,0.00,0.00,3,1,35833.05,11944.35,104,17,55458.00,533.25,5006,915,157939.30,31.55,11385,2134,224284.50,19.70,29325,5110,379758.75,12.95
4684,01/04/2026,38,14,11,20,42,30,12,1,1,0,1000000.00,1000000.00,8,1,53857.60,6732.20,177,26,83349.30,470.90,8685,1241,237100.50,27.30,21235,2923,337636.50,15.90,48525,7061,570168.75,11.75
4683,30/03/2026,7,13,27,19,26,5,29,18,0,0,0.00,0.00,21,6,51537.15,2454.15,265,39,79765.00,301.00,12919,1791,226728.45,17.55,28178,4098,322638.10,11.45,47935,6976,546459.00,11.40
4682,27/03/2026,36,35,8,28,11,10,34,41,0,0,0.00,0.00,6,1,37740.30,6290.05,126,18,58407.30,463.55,6308,1039,166215.80,26.35,13618,2492,236272.30,17.35,25659,5093,400280.40,15.60
4681,25/03/2026,15,40,39,21,32,34,23,11,0,0,0.00,0.00,7,1,54091.10,7727.30,141,20,83711.70,593.70,7461,1103,238378.95,31.95,19556,3013,338318.80,17.30,51348,7716,572530.20,11.15
4680,23/03/2026,19,20,14,7,12,21,27,13,2,0,2000000.00,1000000.00,21,2,51951.90,2473.90,255,35,80401.50,315.30,11794,1784,228803.60,19.40,27818,4193,325470.60,11.70,55147,8489,551470.00,10.00
4679,20/03/2026,7,9,17,18,10,37,2,6,0,0,0.00,0.00,9,3,116614.80,12957.20,219,31,180477.90,824.10,10338,1665,513798.60,49.70,26594,4505,731335.00,27.50,58816,9251,1235136.00,21.00
4678,18/03/2026,26,38,10,43,11,31,21,18,1,1,1000000.00,1000000.00,17,1,143388.20,8434.60,192,17,221913.60,1155.80,10381,1344,631164.80,60.80,29650,3857,898395.00,30.30,63370,8575,1520880.00,24.00
4677,16/03/2026,19,16,11,3,43,34,37,23,2,1,2000000.00,1000000.00,14,1,129935.40,9281.10,260,52,201084.00,773.40,11647,1560,571867.70,49.10,27910,3934,814972.00,29.20,51228,7970,1378033.20,26.90
4676,13/03/2026,36,45,25,33,14,37,42,29,0,0,0.00,0.00,7,1,37917.25,5416.75,112,21,58682.40,523.95,5140,989,167050.00,32.50,12832,2367,237392.00,18.50,27800,5506,401710.00,14.45
4675,11/03/2026,27,25,31,42,36,4,10,24,1,0,1000000.00,1000000.00,12,4,50123.40,4176.95,146,33,77569.80,531.30,6951,1028,220694.25,31.75,18802,2746,313993.40,16.70,42288,6144,530714.40,12.55
4674,09/03/2026,19,1,9,16,25,23,10,14,1,0,1000000.00,1000000.00,14,2,47548.20,3396.30,215,33,73583.75,342.25,9718,1461,209422.90,21.55,23215,3571,298312.75,12.85,42196,6412,504242.20,11.95
4673,06/03/2026,30,9,22,32,1,44,25,7,0,0,0.00,0.00,5,1,37764.25,7552.85,95,19,58444.00,615.20,5463,1025,166348.35,30.45,14597,2683,236471.40,16.20,35068,6560,399775.20,11.40
4672,04/03/2026,4,43,40,13,16,45,15,7,1,0,1000000.00,1000000.00,7,1,52545.85,7506.55,135,19,81324.00,602.40,7360,1104,231472.00,31.45,18621,3022,328660.65,17.65,46468,7023,557616.00,12.00
4671,02/03/2026,36,8,15,27,6,33,22,9,2,0,2000000.00,1000000.00,11,1,49354.25,4486.75,148,19,76382.80,516.10,7656,1050,217430.40,28.40,23829,2966,308585.55,12.95,45557,6361,523905.50,11.50
4670,27/02/2026,25,18,11,29,43,22,16,7,0,0,0.00,0.00,12,1,39501.00,3291.75,139,27,61132.20,439.80,6466,1211,173935.40,26.90,18278,3337,247666.90,13.55,37556,7035,418749.40,11.15
4669,25/02/2026,18,33,21,38,30,45,9,24,1,1,1000000.00,1000000.00,4,0,53993.60,13498.40,152,39,83562.00,549.75,7214,1158,237701.30,32.95,18563,2995,337846.60,18.20,43793,6728,571498.65,13.05
4668,23/02/2026,23,29,33,18,15,13,10,1,1,0,1000000.00,1000000.00,4,0,50319.40,12579.85,171,18,77873.40,455.40,9366,1259,221505.90,23.65,21958,3217,315097.30,14.35,48664,7174,532870.80,10.95
4667,20/02/2026,6,42,37,24,26,31,13,20,0,0,0.00,0.00,11,3,88066.00,8006.00,113,13,136294.95,1206.15,6634,1090,388089.00,58.50,18448,3119,552517.60,29.95,40962,6934,933933.60,22.80
4666,18/02/2026,9,32,14,5,22,2,12,21,0,0,0.00,0.00,10,3,104045.00,10404.50,224,29,161022.40,718.85,11306,1695,458458.30,40.55,29907,4533,651972.60,21.80,58460,8508,1104894.00,18.90
4665,16/02/2026,36,24,14,9,20,42,6,5,0,0,0.00,0.00,14,5,99376.90,7098.35,175,27,153798.75,878.85,8646,1278,437919.90,50.65,23500,3676,622750.00,26.50,50701,7500,1054580.80,20.80
4664,13/02/2026,24,39,21,44,17,35,45,38,1,1,1000000.00,1000000.00,8,1,37797.20,4724.65,106,23,58496.10,551.85,5491,1072,166377.30,30.30,12769,2445,236864.95,18.55,25623,4741,400999.95,15.65
4663,11/02/2026,40,27,15,5,26,41,16,32,1,0,1000000.00,1000000.00,8,1,49448.80,6181.10,138,18,76527.90,554.55,6643,954,217890.40,32.80,16601,2612,309608.65,18.65,39331,5844,523102.30,13.30
4662,09/02/2026,12,17,23,30,27,38,2,11,0,0,0.00,0.00,7,0,47912.55,6844.65,177,28,74154.15,418.95,8098,1184,210952.90,26.05,21602,3204,300267.80,13.90,52315,7626,507455.50,9.70
4661,06/02/2026,43,1,32,31,20,17,14,11,0,0,0.00,0.00,6,1,37552.20,6258.70,95,12,58116.25,611.75,5073,995,165379.80,32.60,14335,2733,235094.00,16.40,34880,6525,397632.00,11.40
4660,04/02/2026,1,14,13,12,22,18,25,20,0,0,0.00,0.00,10,3,51787.00,5178.70,193,28,80143.25,415.25,9800,1466,228340.00,23.30,23132,3316,323848.00,14.00,44860,6344,549535.00,12.25
4659,02/02/2026,40,30,14,34,32,37,16,9,0,0,0.00,0.00,8,1,49924.80,6240.60,148,20,77263.40,522.05,6793,1161,219753.55,32.35,16596,2787,312834.60,18.85,38474,6314,529017.50,13.75
4658,30/01/2026,44,29,3,8,12,7,19,31,0,0,0.00,0.00,7,0,38463.25,5494.75,122,20,59523.80,487.90,7610,1322,169322.50,22.25,18306,3119,240723.90,13.15,32084,6032,407466.80,12.70
4657,28/01/2026,29,19,43,42,37,26,35,24,0,0,0.00,0.00,8,2,52646.00,6580.75,130,12,81477.50,626.75,7607,1158,232013.50,30.50,18520,3015,329656.00,17.80,37614,6076,558567.90,14.85
4656,26/01/2026,4,13,39,26,2,17,19,15,1,0,1000000.00,1000000.00,9,0,47199.60,5244.40,148,34,73045.40,493.55,7916,1267,207795.00,26.25,19982,2936,295733.60,14.80,43128,5868,500284.80,11.60
4655,23/01/2026,2,1,37,23,20,32,39,19,1,0,1000000.00,1000000.00,3,2,40375.65,13458.55,107,17,62488.00,584.00,5904,1126,177710.40,30.10,14913,2742,252775.35,16.95,30810,5889,428259.00,13.90
4654,21/01/2026,35,20,40,44,42,27,30,6,0,0,0.00,0.00,13,2,54768.35,4212.95,163,24,84760.00,520.00,7844,1223,241203.00,30.75,20839,3129,342801.55,16.45,44750,7169,579512.50,12.95
4653,19/01/2026,17,29,39,36,33,28,23,44,1,0,1000000.00,1000000.00,12,0,53061.00,4421.75,143,26,82117.75,574.25,7379,1255,233545.35,31.65,18475,3191,332550.00,18.00,39661,6335,561203.15,14.15
4652,16/01/2026,42,9,15,40,4,44,36,41,0,0,0.00,0.00,8,1,41140.00,5142.50,113,24,63669.85,563.45,5928,1056,181100.40,30.55,15814,2917,257768.20,16.30,27635,5404,435251.25,15.75
4651,14/01/2026,43,11,35,15,36,2,44,31,0,0,0.00,0.00,10,4,56784.50,5678.45,130,25,87880.00,676.00,7664,1330,250229.60,32.65,19365,3142,355347.75,18.35,39203,6319,601766.05,15.35
4650,12/01/2026,29,42,23,15,16,10,43,4,1,0,1000000.00,1000000.00,15,4,54305.25,3620.35,164,34,84041.80,512.45,8574,1524,239214.60,27.90,20439,3593,340309.35,16.65,38462,6704,575006.90,14.95
4649,09/01/2026,9,15,4,36,5,29,19,17,2,0,2000000.00,1000000.00,9,4,118946.70,13216.30,167,26,184084.10,1102.30,9695,1663,523530.00,54.00,26782,4197,744539.60,27.80,53039,9565,1262328.20,23.80
4648,07/01/2026,26,1,18,28,13,30,2,44,4,0,4000000.00,1000000.00,17,4,143442.60,8437.80,421,40,221993.30,527.30,14829,1774,631715.40,42.60,28691,4019,898028.30,31.30,51198,7821,1520580.60,29.70
4647,05/01/2026,25,41,38,29,22,6,5,30,2,0,2000000.00,1000000.00,13,1,139587.50,10737.50,207,25,216025.20,1043.60,9993,1612,614569.50,61.50,24171,3931,874990.20,36.20,61188,9131,1480749.60,24.20
4646,02/01/2026,8,23,36,15,39,31,21,5,3,2,3000000.00,1000000.00,4,0,38154.20,9538.55,159,33,59044.65,371.35,5955,1118,167931.00,28.20,14936,2628,238976.00,16.00,34375,6149,403906.25,11.75
4645,31/12/2025,2,40,22,42,9,6,28,27,1,1,1000000.00,1000000.00,10,1,65787.50,6578.75,219,51,101813.10,464.90,10442,1600,289765.50,27.75,26739,3837,411780.60,15.40,51896,7928,698001.20,13.45
4644,29/12/2025,38,7,6,30,42,27,19,34,0,0,0.00,0.00,13,1,51869.35,3989.95,133,23,80272.15,603.55,7340,1158,228641.00,31.15,19160,2931,324762.00,16.95,39313,6024,550382.00,14.00
4643,26/12/2025,36,7,44,33,13,19,39,1,1,0,1000000.00,1000000.00,9,2,38601.45,4289.05,125,25,59737.50,477.90,6095,1156,170050.50,27.90,15490,2831,241644.00,15.60,26791,4959,408562.75,15.25
4642,24/12/2025,36,39,11,19,28,41,45,44,0,0,0.00,0.00,8,1,60006.40,7500.80,192,26,92870.40,483.70,9012,1361,264502.20,29.35,20498,3296,376138.30,18.35,43839,7140,635665.50,14.50
4641,22/12/2025,22,5,37,40,20,14,8,28,0,0,0.00,0.00,13,3,51844.00,3988.00,106,12,80236.70,756.95,7207,1234,228461.90,31.70,20253,3103,325060.65,16.05,49197,7733,548546.55,11.15
4640,19/12/2025,17,3,25,5,38,2,9,7,0,0,0.00,0.00,10,2,39471.00,3947.10,124,22,61088.60,492.65,6442,1240,173934.00,27.00,19804,3859,247550.00,12.50,44997,8268,418472.10,9.30
4639,17/12/2025,36,14,7,17,45,29,12,32,0,0,0.00,0.00,8,3,54344.40,6793.05,157,22,84104.90,535.70,7855,1296,239184.75,30.45,20171,3374,339881.35,16.85,42085,6846,576564.50,13.70
4638,15/12/2025,33,14,8,23,9,27,4,3,0,0,0.00,0.00,10,2,51610.50,5161.05,193,35,79873.05,413.85,9828,1457,227518.20,23.15,26790,3779,322819.50,12.05,48361,7341,546479.30,11.30
4637,12/12/2025,10,36,45,2,15,39,25,38,0,0,0.00,0.00,1,0,39780.70,39780.70,92,21,61566.40,669.20,5254,1000,175220.90,33.35,13744,2696,248766.40,18.10,27129,5366,421855.95,15.55
4636,10/12/2025,15,2,10,33,38,26,19,14,0,0,0.00,0.00,5,2,55042.75,11008.55,148,30,85188.80,575.60,7814,1394,242624.70,31.05,20861,3303,344206.50,16.50,47234,6902,583339.90,12.35
4635,08/12/2025,26,40,6,39,37,12,24,7,1,0,1000000.00,1000000.00,9,1,51162.75,5684.75,138,29,79177.50,573.75,6964,1135,225285.40,32.35,18173,2939,320753.45,17.65,45715,7355,541722.75,11.85
4634,05/12/2025,9,23,8,16,11,33,34,1,0,0,0.00,0.00,12,1,42421.20,3535.10,177,43,65649.30,370.90,8514,1624,186882.30,21.95,18992,3645,265888.00,14.00,29847,6287,449197.35,15.05
4633,03/12/2025,15,2,38,37,22,35,39,6,1,1,2000000.00,2000000.00,6,3,171079.20,28513.20,144,32,264772.80,1838.70,11088,2160,753984.00,68.00,29245,5297,1070367.00,36.60,58604,10346,1810863.60,30.90
4632,01/12/2025,8,6,30,38,36,1,43,5,1,0,2000000.00,2000000.00,7,1,150427.20,21489.60,236,45,232814.00,986.50,11636,1955,662088.40,56.90,28131,5002,942388.50,33.50,53453,9550,1592899.40,29.80
4631,28/11/2025,30,8,25,43,39,24,21,1,2,0,4000000.00,2000000.00,8,3,127443.20,15930.40,231,48,197227.80,853.80,9770,1962,561775.00,57.50,26009,5242,798476.30,30.70,61348,11098,1349656.00,22.00
4630,26/11/2025,44,43,8,36,16,27,31,30,0,0,0.00,0.00,9,2,53767.35,5974.15,116,19,83212.60,717.35,7033,1213,236660.45,33.65,18390,3019,336537.00,18.30,37327,6169,569236.75,15.25
4629,24/11/2025,44,15,20,17,4,18,7,11,0,0,0.00,0.00,9,0,50639.40,5626.60,141,24,78367.80,555.80,7756,1219,222985.00,28.75,23684,3679,317365.60,13.40,74469,11031,536176.80,7.20
4628,21/11/2025,4,5,26,10,40,20,14,24,0,0,0.00,0.00,9,1,39342.15,4371.35,175,21,60891.25,347.95,7885,1362,173470.00,22.00,17775,3312,246183.75,13.85,36230,6950,416645.00,11.50
4627,19/11/2025,43,26,35,25,42,13,24,5,2,0,2000000.00,1000000.00,5,2,55769.25,11153.85,135,27,86312.25,639.35,7169,1277,245538.25,34.25,20191,3441,349304.30,17.30,47745,7748,592038.00,12.40
4626,17/11/2025,37,11,4,2,5,7,30,22,1,1,1000000.00,1000000.00,18,0,52041.60,2891.20,280,41,80542.00,287.65,12976,1773,229026.40,17.65,28136,3921,326377.60,11.60,45316,7142,550589.40,12.15
4625,14/11/2025,34,11,28,15,44,31,9,20,1,0,1000000.00,1000000.00,9,1,38956.50,4328.50,124,15,60288.80,486.20,6052,1087,171574.20,28.35,14490,2695,244156.50,16.85,33559,6515,412775.70,12.30
4624,12/11/2025,35,11,33,15,34,45,8,37,0,0,0.00,0.00,5,2,51951.50,10390.30,98,31,80399.20,820.40,6905,1072,228900.75,33.15,18607,2841,325622.50,17.50,35778,5755,550981.20,15.40
4623,10/11/2025,38,3,31,22,28,5,26,14,0,0,0.00,0.00,6,1,50309.10,8384.85,151,30,77863.15,515.65,8006,1221,221766.20,27.70,21129,3176,314822.10,14.90,43928,6561,533725.20,12.15
4622,07/11/2025,31,16,23,30,6,3,13,18,0,0,0.00,0.00,14,1,37909.90,2707.85,139,25,58671.90,422.10,6963,1361,167112.00,24.00,18999,3251,237487.50,12.50,36288,6192,400982.40,11.05
4621,05/11/2025,26,15,18,27,7,37,19,44,1,1,1000000.00,1000000.00,10,2,52853.00,5285.30,169,18,81796.00,484.00,8794,1206,232601.30,26.45,21461,3063,330499.40,15.40,39548,5634,559604.20,14.15
4620,03/11/2025,25,14,29,23,45,13,31,8,0,0,0.00,0.00,8,1,51094.80,6386.85,129,8,79077.00,613.00,8140,1243,225071.00,27.65,20881,3171,319479.30,15.30,42387,6733,540434.25,12.75
4619,31/10/2025,5,26,42,41,13,16,34,23,0,0,0.00,0.00,6,1,86400.90,14400.15,119,23,133720.30,1123.70,6495,1081,380607.00,58.60,16550,2772,541185.00,32.70,32862,5701,915206.70,27.85
4618,29/10/2025,22,35,5,20,7,10,27,45,1,0,1000000.00,1000000.00,15,2,101709.00,6780.60,259,30,157420.20,607.80,13046,1713,448130.10,34.35,27526,3586,638603.20,23.20,44065,6590,1077389.25,24.45
4617,27/10/2025,14,1,26,6,44,11,17,2,2,1,2000000.00,1000000.00,8,1,98417.20,12302.15,223,35,152320.15,683.05,9807,1314,433959.75,44.25,25901,3506,617738.85,23.85,50550,7524,1046385.00,20.70
4616,24/10/2025,23,37,11,3,15,22,41,13,2,1,2000000.00,1000000.00,14,8,38175.90,2726.85,138,18,59084.70,428.15,6443,1226,168162.30,26.10,16321,2870,239102.65,14.65,27320,5127,404336.00,14.80
4615,22/10/2025,3,34,41,30,1,5,27,8,1,0,1000000.00,1000000.00,6,2,54273.00,9045.50,124,14,83991.40,677.35,7560,1146,238896.00,31.60,23024,3169,339604.00,14.75,51131,7426,575223.75,11.25
4614,20/10/2025,31,44,13,10,30,3,5,7,0,0,0.00,0.00,11,1,51834.75,4712.25,157,26,80219.15,510.95,8552,1310,228338.40,26.70,25065,3633,324591.75,12.95,59461,8003,550014.25,9.25
4613,17/10/2025,22,11,40,2,33,43,27,39,0,0,0.00,0.00,2,1,39447.40,19723.70,94,25,61048.30,649.45,5734,1152,173740.20,30.30,14088,2652,247244.40,17.55,29112,5385,417757.20,14.35
4612,15/10/2025,25,31,10,13,32,36,22,26,1,0,1000000.00,1000000.00,10,0,56606.00,5660.60,189,28,87601.50,463.50,8331,1232,249513.45,29.95,21217,3241,354323.90,16.70,49863,7133,600849.15,12.05
4611,13/10/2025,11,17,14,28,16,27,2,7,6,0,6000000.00,1000000.00,13,2,53599.65,4123.05,185,25,82954.00,448.40,10566,1545,236150.10,22.35,31552,4304,336028.80,10.65,59187,8491,568195.20,9.60
4610,10/10/2025,44,7,6,36,20,45,26,24,0,0,0.00,0.00,4,0,39160.80,9790.20,97,12,60605.60,624.80,5520,1076,172500.00,31.25,14745,2861,245504.25,16.65,32349,5933,415684.65,12.85
4609,08/10/2025,35,12,40,44,30,29,31,37,2,0,2000000.00,1000000.00,9,0,52619.85,5846.65,169,21,81432.65,481.85,7357,986,231745.50,31.50,17450,2690,329805.00,18.90,35898,5689,558213.90,15.55
4608,06/10/2025,23,35,40,24,39,43,30,37,0,0,0.00,0.00,13,0,47613.80,3662.60,96,20,73689.60,767.60,5729,946,209681.40,36.60,15639,2706,297922.95,19.05,32925,5735,503752.50,15.30
4607,03/10/2025,41,36,43,24,44,18,6,32,1,0,1000000.00,1000000.00,11,2,38672.70,3515.70,98,18,59848.60,610.70,5136,990,170258.40,33.15,12799,2493,241901.10,18.90,29449,5619,409341.10,13.90
4606,01/10/2025,22,16,37,3,24,7,20,33,1,1,1000000.00,1000000.00,9,0,53621.10,5957.90,193,37,82980.35,429.95,9132,1301,236062.20,25.85,22772,3119,335887.00,14.75,42676,5919,567590.80,13.30
4605,29/09/2025,26,11,27,35,28,16,15,22,0,0,0.00,0.00,6,1,49865.40,8310.90,158,24,77175.10,488.45,8236,1165,219489.40,26.65,21259,2918,312507.30,14.70,44249,5579,528775.55,11.95
4604,26/09/2025,24,7,39,28,36,26,2,8,0,0,0.00,0.00,4,0,38698.80,9674.70,126,32,59887.80,475.30,6012,1061,170440.20,28.35,14507,2656,242266.90,16.70,37005,6594,410755.50,11.10
4603,24/09/2025,22,17,28,19,43,35,33,20,0,0,0.00,0.00,8,1,54905.60,6863.20,150,12,84975.00,566.50,8400,1128,241920.00,28.80,20220,3034,343740.00,17.00,39816,5965,581313.60,14.60
4602,22/09/2025,2,10,41,27,13,3,24,5,1,0,1000000.00,1000000.00,9,3,52667.10,5851.90,162,35,81510.30,503.15,9021,1313,231839.70,25.70,24366,3655,330159.30,13.55,47845,7317,557394.25,11.65
4601,19/09/2025,37,45,32,11,33,30,21,1,0,0,0.00,0.00,2,0,40092.80,20046.40,117,32,62050.95,530.35,5882,1046,176460.00,30.00,14766,2595,251022.00,17.00,36863,6442,423924.50,11.50
4600,17/09/2025,22,20,44,42,23,17,35,18,1,0,1000000.00,1000000.00,8,2,56864.80,7108.10,159,36,88006.50,553.50,8189,1288,250583.40,30.60,20919,3155,355623.00,17.00,44010,5979,602937.00,13.70
4599,15/09/2025,39,4,41,42,34,23,45,14,0,0,0.00,0.00,8,0,53470.00,6683.75,114,19,82752.60,725.90,6878,1071,235571.50,34.25,19238,2932,334741.20,17.40,36636,5954,566026.20,15.45
4598,12/09/2025,26,4,22,43,5,16,40,9,1,0,1000000.00,1000000.00,11,1,112141.70,10194.70,172,25,173548.00,1009.00,9029,1421,493886.30,54.70,21693,3160,702853.20,32.40,41996,6633,1188486.80,28.30
4597,10/09/2025,3,14,45,22,31,20,37,29,0,0,0.00,0.00,14,3,145950.00,10425.00,200,29,225880.00,1129.40,10804,1413,642838.00,59.50,25885,3684,913740.50,35.30,53275,7260,1544975.00,29.00
4596,08/09/2025,16,7,25,12,21,42,20,32,2,0,2000000.00,1000000.00,15,1,133873.50,8924.90,278,31,207193.40,745.30,12028,1519,589372.00,49.00,28357,3728,839367.20,29.60,50215,7468,1416063.00,28.20
4595,05/09/2025,17,32,14,38,26,3,11,42,0,0,0.00,0.00,11,4,36249.40,3295.40,103,23,56098.95,544.65,5339,1020,159636.10,29.90,13992,2353,226670.40,16.20,30148,4901,384387.00,12.75
4594,03/09/2025,23,11,43,10,34,38,30,31,0,0,0.00,0.00,8,1,51304.80,6413.10,140,20,79401.00,567.15,7615,1093,226165.50,29.70,18038,2674,321076.40,17.80,36270,5169,544050.00,15.00
4593,01/09/2025,7,8,27,40,31,44,16,42,0,0,0.00,0.00,9,3,49654.35,5517.15,133,17,76847.40,577.80,7190,1080,218576.00,30.40,18090,2881,311148.00,17.20,34162,5070,526094.80,15.40
4592,29/08/2025,19,24,9,6,36,39,26,37,0,0,0.00,0.00,6,0,37462.20,6243.70,122,20,57974.40,475.20,6165,1089,164913.75,26.75,13783,2539,234311.00,17.00,26105,4630,396796.00,15.20
4591,27/08/2025,15,12,42,31,24,33,19,23,1,0,1000000.00,1000000.00,9,3,53024.85,5891.65,183,27,82066.35,448.45,7979,1298,233385.75,29.25,19798,2965,331616.50,16.75,47420,6707,561927.00,11.85
4590,25/08/2025,6,4,10,37,23,41,11,36,2,0,2000000.00,1000000.00,8,2,50622.40,6327.80,127,16,78346.30,616.90,7435,1057,223050.00,30.00,19194,2940,316701.00,16.50,40891,5886,535672.10,13.10
4589,22/08/2025,6,29,13,17,4,32,5,15,0,0,0.00,0.00,3,1,38673.15,12891.05,137,39,59848.45,436.85,6731,1393,170294.30,25.30,16647,2947,242213.85,14.55,35097,6337,408880.05,11.65
4588,20/08/2025,2,26,4,20,14,9,39,36,1,0,1000000.00,1000000.00,11,2,55013.75,5001.25,241,26,85145.30,353.30,11405,1485,242356.25,21.25,20168,2703,344872.80,17.10,37600,5613,582800.00,15.50
4587,18/08/2025,43,38,13,44,16,6,40,10,0,0,0.00,0.00,5,1,52384.50,10476.90,146,28,81073.80,555.30,6826,1106,230718.80,33.80,17560,2867,328372.00,18.70,37927,5457,555630.55,14.65
4586,15/08/2025,26,15,20,36,25,23,11,1,0,0,0.00,0.00,8,0,40087.20,5010.90,117,15,62039.25,530.25,6314,1094,176476.30,27.95,15918,2926,250708.50,15.75,41810,7347,424371.50,10.15
4585,13/08/2025,24,17,5,11,14,36,16,1,1,0,1000000.00,1000000.00,5,0,57050.50,11410.10,186,20,88294.20,474.70,9986,1492,251147.90,25.15,25266,3614,357513.90,14.15,48504,7065,603874.80,12.45
4584,11/08/2025,11,17,5,39,10,13,35,45,1,0,1000000.00,1000000.00,6,0,54060.30,9010.05,215,29,83667.25,389.15,9892,1449,237902.60,24.05,20135,3230,338268.00,16.80,38282,6104,572315.90,14.95
4583,08/08/2025,13,9,44,29,1,34,41,28,1,0,1000000.00,1000000.00,7,3,89924.80,12846.40,127,25,139172.95,1095.85,7093,1275,396144.05,55.85,16547,2838,563425.35,34.05,33485,6157,952648.25,28.45
4582,06/08/2025,28,20,32,31,8,10,23,22,1,1,1000000.00,1000000.00,12,2,104071.20,8672.60,208,53,161064.80,774.35,10040,1300,458828.00,45.70,27176,3656,652224.00,24.00,50877,7341,1104030.90,21.70
4581,04/08/2025,45,44,7,38,19,34,20,13,0,0,0.00,0.00,9,2,98639.55,10959.95,142,18,152657.10,1075.05,7664,1251,434548.80,56.70,19886,3051,618454.60,31.10,49897,7263,1047837.00,21.00
4580,01/08/2025,27,28,22,34,2,20,7,3,0,0,0.00,0.00,4,1,37939.40,9484.85,97,13,58714.10,605.30,5849,1068,166988.95,28.55,16186,2815,237934.20,14.70,42993,7497,401984.55,9.35
4579,30/07/2025,35,27,17,39,1,20,21,16,1,0,1000000.00,1000000.00,6,1,55431.30,9238.55,149,23,85786.75,575.75,8067,1204,244026.75,30.25,20494,3062,347373.30,16.95,45857,6527,586969.60,12.80
4578,28/07/2025,36,25,31,22,39,42,18,13,1,1,1000000.00,1000000.00,7,0,51806.30,7400.90,148,27,80179.00,541.75,6895,1090,228224.50,33.10,18762,2990,324582.60,17.30,45456,6165,550017.60,12.10
4577,25/07/2025,27,29,45,6,3,31,5,24,1,0,1000000.00,1000000.00,6,0,36182.70,6030.45,100,7,55995.00,559.95,5594,1057,159429.00,28.50,14431,2620,226566.70,15.70,32833,5984,384146.10,11.70
4576,23/07/2025,29,39,44,16,20,3,11,32,0,0,0.00,0.00,11,1,53435.80,4857.80,134,17,82698.10,617.15,7147,1048,235493.65,32.95,19963,2969,334380.25,16.75,42530,5941,565649.00,13.30
4575,21/07/2025,15,44,33,4,12,13,7,19,0,0,0.00,0.00,12,0,51274.20,4272.85,148,18,79350.20,536.15,7737,1141,225920.40,29.20,22565,3115,321551.25,14.25,56555,7278,542928.00,9.60
4574,18/07/2025,7,35,9,20,26,36,38,23,0,0,0.00,0.00,7,2,38966.55,5566.65,113,22,60308.10,533.70,6264,1126,171633.60,27.40,15222,2714,244313.10,16.05,29661,5484,412287.90,13.90
4573,16/07/2025,26,34,36,35,29,3,41,5,1,0,1000000.00,1000000.00,12,3,55786.20,4648.85,158,27,86339.10,546.45,7934,1167,245557.30,30.95,19529,2855,349569.10,17.90,38171,5706,591650.50,15.50
4572,14/07/2025,40,4,42,5,9,45,6,2,1,1,1000000.00,1000000.00,10,1,52522.50,5252.25,128,12,81286.40,635.05,7629,1122,231540.15,30.35,20073,3017,329197.20,16.40,52291,7296,556899.15,10.65
4571,11/07/2025,38,9,30,24,37,28,3,16,3,0,3000000.00,1000000.00,6,0,39121.20,6520.20,96,20,60547.20,630.70,5572,1019,172453.40,30.95,14853,2797,245074.50,16.50,33864,6037,414834.00,12.25
4570,09/07/2025,14,37,42,32,7,22,13,41,1,0,1000000.00,1000000.00,11,0,56442.65,5131.15,171,30,87355.35,510.85,8418,1350,248751.90,29.55,19378,3015,353648.50,18.25,38179,5877,597501.35,15.65
4569,07/07/2025,27,36,29,11,13,31,6,37,0,0,0.00,0.00,15,3,54171.00,3611.40,286,39,83840.90,293.15,10804,1587,238768.40,22.10,23414,3521,339503.00,14.50,39233,5855,574763.45,14.65
4568,04/07/2025,33,23,14,21,3,7,26,5,1,0,1000000.00,1000000.00,10,1,110375.00,11037.50,317,47,170831.30,538.90,11897,1985,486587.30,40.90,25964,4268,690642.40,26.60,46903,7788,1167884.70,24.90
4567,02/07/2025,43,45,22,26,18,20,3,36,0,0,0.00,0.00,6,0,140539.80,23423.30,163,31,217507.20,1334.40,9317,1456,618648.80,66.40,25244,3511,881015.60,34.90,56111,7757,1486941.50,26.50
4566,30/06/2025,16,38,33,40,15,41,2,10,0,0,0.00,0.00,8,1,126349.60,15793.70,149,22,195547.60,1312.40,8041,1274,556437.20,69.20,20038,3094,791501.00,39.50,51090,7737,1338558.00,26.20
4565,27/06/2025,27,2,8,21,45,28,24,39,0,0,0.00,0.00,5,1,37093.75,7418.75,123,19,57404.10,466.70,6237,1100,163409.40,26.20,13667,2568,232339.00,17.00,26698,4763,392460.60,14.70
4564,25/06/2025,14,5,32,34,39,33,22,8,0,0,0.00,0.00,4,0,54540.00,13635.00,134,18,84406.60,629.90,7110,1093,240318.00,33.80,19173,2967,341279.40,17.80,49152,6594,577536.00,11.75
4563,23/06/2025,29,6,24,39,7,4,31,40,0,0,0.00,0.00,9,1,52363.80,5818.20,183,30,81041.55,442.85,9362,1351,230773.30,24.65,20139,2958,328265.70,16.30,34926,5535,555323.40,15.90
4562,20/06/2025,19,5,26,13,4,37,9,17,2,2,2000000.00,1000000.00,3,0,36045.90,12015.30,129,26,55786.05,432.45,6165,972,158748.75,25.75,16719,2734,225706.50,13.50,35174,6100,381637.90,10.85
4561,18/06/2025,39,13,32,35,24,18,1,28,0,0,0.00,0.00,10,0,55908.50,5590.85,161,24,86529.45,537.45,8172,1134,246385.80,30.15,20280,2837,349830.00,17.25,45782,6491,592876.90,12.95
4560,16/06/2025,18,7,41,11,29,27,35,24,0,0,0.00,0.00,6,0,52257.90,8709.65,202,27,80870.70,400.35,10140,1386,230178.00,22.70,22287,3218,327618.90,14.70,39012,5394,553970.40,14.20
4559,13/06/2025,23,15,35,32,11,16,43,5,1,0,1000000.00,1000000.00,7,0,39579.05,5654.15,148,25,61249.80,413.85,7124,1130,174181.80,24.45,16295,2808,247684.00,15.20,28395,4932,418826.25,14.75
4558,11/06/2025,36,34,20,42,24,6,9,18,1,0,1000000.00,1000000.00,6,0,51483.00,8580.50,143,27,79672.45,557.15,7335,1045,226651.50,30.90,19502,2632,322758.10,16.55,47184,6581,544975.20,11.55
4557,09/06/2025,22,33,34,2,27,25,40,38,0,0,0.00,0.00,4,0,47243.20,11810.80,136,36,73113.60,537.60,6980,1248,208004.00,29.80,16001,2411,296018.50,18.50,31695,5216,500781.00,15.80
4556,06/06/2025,20,44,41,15,16,43,42,40,1,1,1000000.00,1000000.00,2,0,36881.20,18440.60,98,20,57080.10,582.45,4646,772,162377.70,34.95,13999,2367,230983.50,16.50,25987,4718,391104.35,15.05
4555,04/06/2025,11,36,34,21,22,12,4,30,3,0,3000000.00,1000000.00,10,0,52997.00,5299.70,159,22,82020.15,515.85,8521,1082,233475.40,27.40,22869,3006,331600.50,14.50,47230,6536,562037.00,11.90
4554,02/06/2025,41,36,24,25,4,31,14,42,1,0,1000000.00,1000000.00,7,0,48020.00,6860.00,102,16,74317.20,728.60,6306,925,211566.30,33.55,16440,2258,300852.00,18.30,34779,4224,509512.35,14.65
4553,30/05/2025,32,34,36,28,6,15,30,25,0,0,0.00,0.00,3,0,36342.45,12114.15,103,12,56243.15,546.05,5261,898,160197.45,30.45,13140,2230,227322.00,17.30,29527,4996,385327.35,13.05
4552,28/05/2025,17,12,37,25,23,19,35,1,0,0,0.00,0.00,7,0,53599.35,7657.05,173,19,82953.50,479.50,9315,1385,236135.25,25.35,22222,3285,335552.20,15.10,38518,5562,568140.50,14.75
4551,26/05/2025,10,2,20,6,31,35,40,3,1,0,1000000.00,1000000.00,8,3,49975.60,6246.95,203,28,77343.00,381.00,9125,1192,219912.50,24.10,20543,2884,313280.75,15.25,36739,5251,529041.60,14.40
4550,23/05/2025,37,26,25,3,24,11,17,41,0,0,0.00,0.00,6,1,37606.50,6267.75,122,14,58200.10,477.05,6320,1069,165584.00,26.20,14452,2606,235567.60,16.30,27981,5019,398729.25,14.25
4549,21/05/2025,5,17,23,29,6,36,14,2,2,0,2000000.00,1000000.00,7,0,55367.20,7909.60,151,25,85684.95,567.45,9166,1273,243815.60,26.60,23523,3210,346964.25,14.75,48011,7028,585734.20,12.20
4548,19/05/2025,40,13,31,38,42,27,23,26,2,2,2000000.00,1000000.00,11,3,52192.80,4744.80,117,12,80776.80,690.40,7459,1082,229737.20,30.80,18917,2804,327264.10,17.30,42434,6187,553763.70,13.05
4547,16/05/2025,8,23,1,21,10,2,16,6,1,0,1000000.00,1000000.00,11,3,87687.60,7971.60,175,23,135712.50,775.50,9312,1445,386448.00,41.50,24364,4049,549408.20,22.55,42877,6589,930430.90,21.70
4546,14/05/2025,15,22,40,24,32,43,10,44,0,0,0.00,0.00,3,0,104805.90,34935.30,155,23,162207.50,1046.50,8163,1192,462025.80,56.60,20472,3008,656127.60,32.05,45374,6003,1111663.00,24.50
4545,12/05/2025,7,28,35,40,29,24,27,13,0,0,0.00,0.00,11,2,100970.10,9179.10,133,20,156268.35,1174.95,8643,1240,445114.50,51.50,23840,3658,632952.00,26.55,59528,7961,1071504.00,18.00
4544,09/05/2025,26,29,32,42,3,17,33,35,0,0,0.00,0.00,5,0,35483.00,7096.60,122,19,54912.20,450.10,5530,948,156222.50,28.25,13988,2332,222409.20,15.90,28538,4649,375274.70,13.15
4543,07/05/2025,6,38,13,15,26,4,7,33,0,0,0.00,0.00,6,2,53232.60,8872.10,172,26,82388.00,479.00,8640,1210,234576.00,27.15,22450,3090,333382.50,14.85,46346,6309,563103.90,12.15
4542,05/05/2025,39,30,20,1,40,7,26,3,0,0,0.00,0.00,10,2,50117.00,5011.70,205,28,77561.75,378.35,9304,1241,220970.00,23.75,20936,3020,314040.00,15.00,43910,6577,531311.00,12.10
4541,02/05/2025,34,14,32,3,41,19,36,20,0,0,0.00,0.00,9,2,37752.30,4194.70,110,17,58426.50,531.15,5401,939,166350.80,30.80,12875,2355,236256.25,18.35,27327,4984,400340.55,14.65
4540,30/04/2025,32,45,12,41,43,26,38,42,0,0,0.00,0.00,4,0,55510.40,13877.60,113,20,85908.25,760.25,6980,1120,244649.00,35.05,21041,3016,347176.50,16.50,40117,5770,587714.05,14.65
4539,28/04/2025,12,29,8,28,36,45,6,31,2,0,2000000.00,1000000.00,9,1,53248.50,5916.50,163,28,82404.65,505.55,8221,1244,234709.55,28.55,20301,2968,332936.40,16.40,42275,6652,564371.25,13.35
4538,25/04/2025,10,36,29,17,8,40,7,3,0,0,0.00,0.00,3,0,35987.55,11995.85,83,15,55693.00,671.00,4944,903,158455.20,32.05,14785,2540,225471.25,15.25,40875,6691,382181.25,9.35
4537,23/04/2025,18,37,10,20,11,3,22,32,1,0,1000000.00,1000000.00,9,0,56893.50,6321.50,214,31,88050.30,411.45,9893,1340,250787.55,25.35,23420,3545,355984.00,15.20,43981,6617,602539.70,13.70
4536,21/04/2025,5,30,18,12,11,13,8,27,1,0,1000000.00,1000000.00,10,2,49053.50,4905.35,220,22,75911.00,345.05,10712,1392,215846.80,20.15,28460,4023,307368.00,10.80,53041,6815,519801.80,9.80
4535,18/04/2025,1,36,37,44,20,38,17,23,1,0,1000000.00,1000000.00,5,1,34928.50,6985.70,74,14,54057.00,730.50,4384,713,153878.40,35.10,11175,1868,218471.25,19.55,30184,5386,369754.00,12.25
4534,16/04/2025,6,20,5,1,42,22,43,26,0,0,0.00,0.00,10,2,54833.00,5483.30,155,17,84862.50,547.50,8925,1192,241421.25,27.05,20499,2808,343358.25,16.75,37069,5627,580129.85,15.65
4533,14/04/2025,10,25,14,36,34,7,11,1,0,0,0.00,0.00,7,1,50309.70,7187.10,133,19,77858.20,585.40,7757,1190,221462.35,28.55,21022,3003,315330.00,15.00,59967,7641,533706.30,8.90
4532,11/04/2025,23,12,20,40,43,14,37,6,0,0,0.00,0.00,3,0,37180.95,12393.65,80,17,57544.00,719.30,5109,1000,163743.45,32.05,13022,2376,233093.80,17.90,25656,4356,393819.60,15.35
4531,09/04/2025,36,30,35,15,29,27,4,38,1,0,1000000.00,1000000.00,13,0,55322.80,4255.60,185,18,85618.00,462.80,8187,1224,243563.25,29.75,19978,2807,346618.30,17.35,39446,5511,585773.10,14.85
4530,07/04/2025,33,3,41,2,6,8,39,37,0,0,0.00,0.00,8,1,52236.80,6529.60,140,19,80843.00,577.45,8277,1185,230100.60,27.80,16444,2508,327235.60,19.90,36124,5538,552697.20,15.30
4529,04/04/2025,42,9,3,40,24,29,14,4,1,0,1000000.00,1000000.00,7,2,105606.90,15086.70,155,29,163432.00,1054.40,7762,1359,464943.80,59.90,19933,3185,661775.60,33.20,52010,7544,1118215.00,21.50
4528,02/04/2025,37,9,5,29,31,11,33,4,0,0,0.00,0.00,7,0,140655.90,20093.70,230,27,217672.00,946.40,12571,1734,619750.30,49.30,29904,4206,882168.00,29.50,54196,7445,1490390.00,27.50
4527,31/03/2025,18,6,34,24,43,38,13,16,1,0,1000000.00,1000000.00,7,0,129042.20,18434.60,207,25,199713.60,964.80,9573,1333,568636.20,59.40,24637,3310,808093.60,32.80,53707,7312,1369528.50,25.50
4526,28/03/2025,39,44,32,41,16,33,38,30,0,0,0.00,0.00,5,0,35638.75,7127.75,77,8,55155.10,716.30,4744,853,157026.40,33.10,12306,2337,223353.90,18.15,23966,4345,377464.50,15.75
4525,26/03/2025,41,19,21,10,36,5,27,15,1,0,1000000.00,1000000.00,12,1,55840.80,4653.40,124,25,86421.80,696.95,8354,1328,246025.30,29.45,23087,3631,349768.05,15.15,48898,7459,591665.80,12.10
4524,24/03/2025,2,16,31,1,3,22,41,14,1,0,1000000.00,1000000.00,7,0,51772.00,7396.00,168,20,80127.60,476.95,9525,1386,228123.75,23.95,19255,3062,324446.75,16.85,33668,5711,548788.40,16.30
4523,21/03/2025,19,12,11,17,24,14,45,29,0,0,0.00,0.00,9,2,38160.45,4240.05,155,30,59055.00,381.00,7633,1411,167926.00,22.00,15857,2976,238647.85,15.05,28636,5322,403767.60,14.10
4522,19/03/2025,25,35,19,45,31,24,34,2,0,0,0.00,0.00,9,2,57137.40,6348.60,163,29,88427.50,542.50,7880,1153,251766.00,31.95,18881,2896,357794.95,18.95,39458,5968,605680.30,15.35
4521,17/03/2025,9,38,42,45,41,44,28,30,0,0,0.00,0.00,8,1,54502.40,6812.80,273,41,84343.35,308.95,9393,1438,239991.15,25.55,16823,2786,341506.90,20.30,38757,5960,577479.30,14.90
4520,14/03/2025,37,22,5,8,13,18,9,7,0,0,0.00,0.00,5,0,38821.25,7764.25,142,23,60080.20,423.10,6918,1157,170874.60,24.70,18993,3337,243110.40,12.80,44016,7872,411549.60,9.35
4519,12/03/2025,34,40,28,39,21,24,31,6,1,1,1000000.00,1000000.00,9,1,57095.55,6343.95,151,27,88365.20,585.20,7655,1250,251466.75,32.85,19611,2956,357900.75,18.25,43780,6765,604164.00,13.80
4518,10/03/2025,27,7,21,17,14,33,41,6,2,0,2000000.00,1000000.00,13,2,52358.80,4027.60,452,46,81021.00,179.25,12270,1740,230676.00,18.80,21559,3643,327696.80,15.20,35774,6017,554497.00,15.50
4517,07/03/2025,38,41,6,16,5,19,2,15,0,0,0.00,0.00,1,0,38794.45,38794.45,102,14,60037.20,588.60,5717,1006,170938.30,29.90,14592,2663,242956.80,16.65,31355,5921,410750.50,13.10
4516,05/03/2025,34,26,38,19,4,33,14,35,1,0,1000000.00,1000000.00,6,0,57705.30,9617.55,149,18,89303.15,599.35,8049,1160,254348.40,31.60,20807,3219,361001.45,17.35,41889,6099,611579.40,14.60
4515,03/03/2025,4,21,6,15,8,42,33,7,1,0,1000000.00,1000000.00,13,1,54104.70,4161.90,199,28,83729.25,420.75,10352,1351,238096.00,23.00,25374,3091,338742.90,13.35,46436,5811,573484.60,12.35
4514,28/02/2025,8,23,12,39,30,22,25,36,1,1,1000000.00,1000000.00,5,1,39260.25,7852.05,122,24,60762.10,498.05,6535,1126,172850.75,26.45,15511,2592,245849.35,15.85,29029,4932,416566.15,14.35
4513,26/02/2025,26,10,25,8,35,44,16,43,0,0,0.00,0.00,4,1,56831.40,14207.85,181,30,87956.95,485.95,8764,1258,250212.20,28.55,20290,2905,356089.50,17.55,37691,5719,603056.00,16.00
4512,24/02/2025,17,16,2,26,12,1,11,4,0,0,0.00,0.00,20,3,55177.00,2758.85,209,38,85397.40,408.60,10403,1455,242910.05,23.35,28755,3907,345060.00,12.00,66053,8391,584569.05,8.85
4511,21/02/2025,7,10,14,34,21,23,41,25,1,0,1000000.00,1000000.00,6,2,86115.30,14352.55,161,20,133275.80,827.80,7848,1294,379450.80,48.35,17386,2997,539835.30,31.05,31415,5320,914176.50,29.10
4510,19/02/2025,39,1,31,17,43,44,7,45,0,0,0.00,0.00,6,0,105772.50,17628.75,153,24,163694.70,1069.90,8262,1240,465976.80,56.40,22945,3182,663110.50,28.90,48603,6957,1122729.30,23.10
4509,17/02/2025,26,5,21,35,30,31,27,19,0,0,0.00,0.00,15,4,102864.75,6857.65,160,27,159192.00,994.95,9618,1373,453007.80,47.10,24457,3192,645664.80,26.40,55752,7648,1089951.60,19.55
4508,14/02/2025,1,38,4,16,45,44,14,31,1,0,1000000.00,1000000.00,9,1,37556.55,4172.95,110,14,58124.00,528.40,5527,980,165533.65,29.95,13584,2494,235003.20,17.30,28739,4918,398035.15,13.85
4507,12/02/2025,14,34,20,26,15,7,23,30,0,0,0.00,0.00,11,1,56910.70,5173.70,203,24,88071.55,433.85,9404,1332,250616.60,26.65,25243,3483,355926.30,14.10,50444,6827,602805.80,11.95
4506,10/02/2025,30,12,9,37,11,29,8,20,1,0,1000000.00,1000000.00,6,1,55221.60,9203.60,197,25,85458.60,433.80,9543,1368,243346.50,25.50,25612,3492,345762.00,13.50,53222,7300,585442.00,11.00
4505,07/02/2025,30,32,26,23,7,5,15,10,0,0,0.00,0.00,11,0,38202.45,3472.95,134,30,59120.80,441.20,6672,1223,168134.40,25.20,18668,3346,238950.40,12.80,35478,5941,404449.20,11.40
4504,05/02/2025,2,31,6,9,8,20,44,11,1,0,1000000.00,1000000.00,21,3,55195.35,2628.35,288,40,85420.80,296.60,12089,1538,242988.90,20.10,26725,3484,346088.75,12.95,44821,6165,584914.05,13.05
4503,03/02/2025,28,18,26,3,7,38,9,17,0,0,0.00,0.00,8,0,50261.60,6282.70,173,18,77789.45,449.65,9695,1239,221530.75,22.85,23751,3237,314700.75,13.25,50841,7352,531288.45,10.45
4502,31/01/2025,23,35,42,20,34,2,4,31,0,0,0.00,0.00,8,0,36432.40,4554.05,87,10,56384.70,648.10,4991,898,160460.65,32.15,13756,2254,228349.60,16.60,29769,5224,385508.55,12.95
4501,29/01/2025,17,42,11,6,13,22,25,28,2,1,2000000.00,1000000.00,16,0,55176.80,3448.55,267,40,85386.60,319.80,10989,1627,242856.90,22.10,25122,3422,345427.50,13.75,45859,6399,584702.25,12.75
4500,27/01/2025,36,10,9,37,14,31,29,11,1,0,1000000.00,1000000.00,6,1,46560.00,7760.00,111,13,72055.65,649.15,5668,762,205181.60,36.20,16370,2176,291386.00,17.80,46798,6156,493718.90,10.55
4499,24/01/2025,20,9,1,37,17,21,35,45,1,0,1000000.00,1000000.00,9,3,37297.80,4144.20,125,27,57725.00,461.80,6119,1006,164295.15,26.85,14411,2743,233458.20,16.20,26825,4659,395668.75,14.75
4498,22/01/2025,5,17,9,43,35,22,33,36,2,0,2000000.00,1000000.00,10,3,55741.00,5574.10,204,23,86261.40,422.85,8658,1147,245454.30,28.35,20635,2827,348731.50,16.90,41094,5850,589698.90,14.35
4497,20/01/2025,36,38,3,15,8,29,42,44,0,0,0.00,0.00,11,1,52502.45,4772.95,185,35,81252.00,439.20,9846,1259,231381.00,23.50,18358,2788,328608.20,17.90,36543,5335,555453.60,15.20
4496,17/01/2025,10,23,4,25,15,35,43,9,0,0,0.00,0.00,11,0,39356.35,3577.85,155,31,60907.25,392.95,7329,1381,173330.85,23.65,15273,2790,246658.95,16.15,28424,4980,416411.60,14.65
4495,15/01/2025,20,12,4,32,35,23,16,25,1,0,1000000.00,1000000.00,15,2,59279.25,3951.95,186,28,91744.50,493.25,9711,1404,261225.90,26.90,24704,3445,371795.20,15.05,49145,6868,629056.00,12.80
4494,13/01/2025,31,42,25,37,45,28,22,11,0,0,0.00,0.00,8,2,55966.40,6995.80,141,24,86616.30,614.30,7055,1103,246572.25,34.95,19336,2861,349981.60,18.10,54734,7704,593863.90,10.85
4493,10/01/2025,30,19,32,6,25,29,18,38,0,0,0.00,0.00,11,3,109698.60,9972.60,200,36,169780.00,848.90,8523,1486,483254.10,56.70,20190,3325,686460.00,34.00,43087,6514,1163349.00,27.00
4492,08/01/2025,36,19,37,27,7,35,22,34,0,0,0.00,0.00,9,1,150376.50,16708.50,219,33,232731.30,1062.70,11857,1592,662806.30,55.90,29163,3987,941964.90,32.30,55953,7436,1594660.50,28.50
4491,06/01/2025,1,28,11,39,2,30,4,35,1,0,1000000.00,1000000.00,11,1,138138.00,12558.00,174,20,213776.40,1228.60,10421,1452,608586.40,58.40,26554,3423,865660.40,32.60,52945,6657,1461282.00,27.60
4490,03/01/2025,14,6,27,32,37,35,39,29,0,0,0.00,0.00,6,2,37064.40,6177.40,98,21,57359.40,585.30,5095,913,163294.75,32.05,13011,2426,232246.35,17.85,27481,4897,392978.30,14.30
4489,01/01/2025,39,32,12,28,10,36,45,11,1,0,1000000.00,1000000.00,11,0,54416.45,4946.95,161,20,84219.10,523.10,7463,968,239562.30,32.10,18235,2566,340994.50,18.70,39414,5473,577415.10,14.65
4488,30/12/2024,43,27,35,9,29,8,6,23,0,0,0.00,0.00,6,0,56079.30,9346.55,131,31,86787.50,662.50,8055,1205,246885.75,30.65,22724,3286,351085.80,15.45,50251,7044,592961.80,11.80
4487,27/12/2024,41,28,31,35,39,36,34,27,1,0,1000000.00,1000000.00,7,1,41880.65,5982.95,88,13,64816.40,736.55,5390,967,184607.50,34.25,14515,2602,261995.75,18.05,29778,5092,443692.20,14.90
4486,25/12/2024,37,40,6,33,7,11,12,31,0,0,0.00,0.00,8,1,71591.20,8948.90,194,30,110793.40,571.10,11233,1676,315085.65,28.05,27451,4226,448823.85,16.35,59069,9113,759036.65,12.85
4485,23/12/2024,28,15,5,26,30,16,14,9,2,0,2000000.00,1000000.00,12,2,58543.80,4878.65,221,30,90598.95,409.95,10622,1406,258114.60,24.30,26259,3760,366313.05,13.95,51445,7490,619912.25,12.05
4484,20/12/2024,20,45,7,15,14,31,42,4,2,1,2000000.00,1000000.00,7,0,40767.65,5823.95,112,21,63095.20,563.35,5931,1106,179709.30,30.30,16094,2802,255089.90,15.85,36061,5604,432732.00,12.00
4483,18/12/2024,15,12,45,40,2,22,42,9,1,0,1000000.00,1000000.00,9,0,60294.60,6699.40,171,28,93314.70,545.70,8626,1198,265680.80,30.80,24514,3397,377515.60,15.40,43483,6279,639200.10,14.70
4482,16/12/2024,6,35,20,29,41,10,21,12,1,0,1000000.00,1000000.00,12,2,57372.00,4781.00,194,32,88793.80,457.70,8914,1345,252711.90,28.35,22118,3560,359417.50,16.25,51361,7529,608627.85,11.85
4481,13/12/2024,29,41,16,44,38,10,40,23,0,0,0.00,0.00,4,2,40881.60,10220.40,92,17,63268.40,687.70,5317,975,179980.45,33.85,14053,2430,255764.60,18.20,28405,5113,433176.25,15.25
4480,11/12/2024,17,43,24,14,28,31,1,20,0,0,0.00,0.00,2,0,58292.40,29146.20,158,28,90218.00,571.00,8490,1212,256822.50,30.25,21851,3199,364911.70,16.70,49430,7191,617875.00,12.50
4479,09/12/2024,30,18,40,39,5,7,41,17,0,0,0.00,0.00,9,0,53306.10,5922.90,159,19,82497.15,518.85,8227,1172,234880.85,28.55,19105,2835,333382.25,17.45,38128,6009,564294.40,14.80
4478,06/12/2024,45,9,29,10,43,25,4,26,0,0,0.00,0.00,4,0,39198.80,9799.70,101,16,60665.65,600.65,5494,1031,172786.30,31.45,14506,2627,245151.40,16.90,34413,6254,414676.65,12.05
4477,04/12/2024,42,4,22,17,36,35,44,5,1,0,1000000.00,1000000.00,11,0,60431.25,5493.75,164,27,93521.00,570.25,8833,1266,266314.95,30.15,22076,3275,378603.40,17.15,44417,6587,639604.80,14.40
4476,02/12/2024,5,12,34,15,4,22,13,28,0,0,0.00,0.00,6,1,55910.10,9318.35,156,24,86525.40,554.65,9649,1460,246049.50,25.50,25563,3678,350213.10,13.70,53495,7689,591119.75,11.05
4475,29/11/2024,39,19,10,27,41,2,16,20,0,0,0.00,0.00,5,0,105050.50,21010.10,128,27,162572.80,1270.10,7302,1273,462946.80,63.40,19258,3209,658623.60,34.20,45691,7404,1114860.40,24.40
4474,27/11/2024,17,7,19,29,39,31,1,37,1,0,1000000.00,1000000.00,26,2,135218.20,5200.70,257,32,209275.10,814.30,11994,1644,596101.80,49.70,27831,3747,846062.40,30.40,50102,6615,1432917.20,28.60
4473,25/11/2024,12,17,42,14,39,8,23,25,4,1,4000000.00,1000000.00,7,2,126578.90,18082.70,182,29,195904.80,1076.40,9235,1377,557794.00,60.40,25708,3444,791806.40,30.80,56592,7283,1341230.40,23.70
4472,22/11/2024,20,26,10,1,35,27,17,33,0,0,0.00,0.00,7,2,37151.10,5307.30,118,27,57495.50,487.25,6179,1189,163743.50,26.50,14994,2684,232407.00,15.50,29972,5609,394131.80,13.15
4471,20/11/2024,37,3,13,23,34,17,41,35,2,1,2000000.00,1000000.00,11,1,56835.90,5166.90,265,35,87953.50,331.90,10855,1473,250207.75,23.05,20768,3052,356171.20,17.15,39079,5643,601816.60,15.40
4470,18/11/2024,22,31,41,28,11,32,21,5,0,0,0.00,0.00,11,1,54673.30,4970.30,140,24,84616.00,604.40,7499,1203,240717.90,32.10,23140,3309,342472.00,14.80,51104,7542,580030.40,11.35
4469,15/11/2024,30,32,41,9,28,24,18,25,0,0,0.00,0.00,3,1,39375.90,13125.30,99,21,60939.45,615.55,5254,1046,173382.00,33.00,13849,2695,246512.20,17.80,31439,5758,416566.75,13.25
4468,13/11/2024,34,31,4,19,18,15,2,7,0,0,0.00,0.00,17,4,58440.05,3437.65,221,33,90444.25,409.25,9783,1334,257292.90,26.30,25537,3840,366455.95,14.35,60985,8111,618997.75,10.15
4467,11/11/2024,1,22,38,16,18,7,2,33,0,0,0.00,0.00,8,3,57066.40,7133.30,180,20,88317.00,490.65,9647,1374,251304.35,26.05,23873,3647,356901.35,14.95,43848,6677,605102.40,13.80
4466,08/11/2024,3,15,33,24,45,19,20,41,0,0,0.00,0.00,6,2,40023.90,6670.65,135,23,61944.75,458.85,6423,1116,176311.35,27.45,14122,2376,250665.50,17.75,28310,5033,424650.00,15.00
4465,06/11/2024,18,39,30,42,25,23,17,34,2,0,2000000.00,1000000.00,6,0,59161.80,9860.30,135,22,91557.00,678.20,7856,1102,260426.40,33.15,20307,3062,370602.75,18.25,43697,6425,627051.95,14.35
4464,04/11/2024,36,37,6,4,8,15,3,40,0,0,0.00,0.00,12,3,57986.40,4832.20,161,25,89741.40,557.40,8269,1166,255512.10,30.90,21789,3144,362786.85,16.65,43667,6267,613521.35,14.05
4463,01/11/2024,43,2,20,25,35,26,27,18,1,0,1000000.00,1000000.00,7,1,89453.70,12779.10,111,24,138444.75,1247.25,6526,1153,394170.40,60.40,17180,2855,560927.00,32.65,39762,6958,948323.70,23.85
4462,30/10/2024,6,11,7,35,3,28,5,44,2,0,2000000.00,1000000.00,14,2,109661.30,7832.95,289,31,169729.70,587.30,14365,1894,483382.25,33.65,34451,4443,687297.45,19.95,51929,7348,1163209.60,22.40
4461,28/10/2024,38,29,41,1,15,42,8,30,1,0,1000000.00,1000000.00,6,1,106004.70,17667.45,161,25,164059.00,1019.00,8534,1333,467236.50,54.75,22542,3580,664989.00,29.50,51522,8097,1123179.60,21.80
4460,25/10/2024,30,12,43,41,2,39,25,26,1,0,1000000.00,1000000.00,4,1,36463.00,9115.75,78,19,56429.10,723.45,4827,936,160497.75,33.25,12450,2322,228457.50,18.35,27015,4727,386314.50,14.30
4459,23/10/2024,26,15,30,45,25,41,29,19,0,0,0.00,0.00,9,1,57342.15,6371.35,116,15,88745.80,765.05,7210,1017,252710.50,35.05,19656,2813,358722.00,18.25,50707,6256,608484.00,12.00
4458,21/10/2024,18,22,25,4,3,13,16,6,0,0,0.00,0.00,15,2,55071.00,3671.40,234,28,85234.50,364.25,11292,1631,242778.00,21.50,27603,3705,345037.50,12.50,54611,7623,584337.70,10.70
4457,18/10/2024,29,28,30,4,37,42,41,19,1,0,1000000.00,1000000.00,4,0,39143.40,9785.85,114,17,60579.60,531.40,5311,913,172341.95,32.45,13735,2362,245169.75,17.85,29431,5059,414977.10,14.10
4456,16/10/2024,20,39,42,26,5,25,36,17,1,0,1000000.00,1000000.00,12,2,60084.60,5007.05,170,33,92990.00,547.00,8467,1280,264593.75,31.25,21261,3267,376319.70,17.70,43626,6429,636939.60,14.60
4455,14/10/2024,17,42,36,18,44,1,24,10,0,0,0.00,0.00,7,0,57531.60,8218.80,148,35,89036.80,601.60,7780,1249,253239.00,32.55,20071,3074,360274.45,17.95,49782,7200,609829.50,12.25
4454,11/10/2024,14,12,13,5,17,31,24,4,0,0,0.00,0.00,5,2,39666.25,7933.25,149,51,61388.00,412.00,7293,1518,174667.35,23.95,17981,3438,248137.80,13.80,43082,7209,420049.50,9.75
4453,09/10/2024,13,39,7,43,14,29,1,23,1,0,1000000.00,1000000.00,8,0,61014.00,7626.75,170,19,94426.50,555.45,9161,1222,268875.35,29.35,25582,3731,382450.90,14.95,54965,7954,645838.75,11.75
4452,07/10/2024,17,9,37,15,25,40,42,21,0,0,0.00,0.00,13,3,54236.00,4172.00,126,12,83934.90,666.15,7773,1176,239019.75,30.75,18924,2910,339685.80,17.95,38467,6069,575081.65,14.95
4451,04/10/2024,6,13,12,16,25,21,24,9,1,0,1000000.00,1000000.00,10,2,41081.00,4108.10,140,21,63581.00,454.15,7657,1308,181088.05,23.65,20396,3518,256989.60,12.60,38016,7015,435283.20,11.45
4450,02/10/2024,45,40,43,3,14,33,20,21,1,0,1000000.00,1000000.00,4,0,61625.20,15406.30,124,20,95374.60,769.15,8074,1246,271286.40,33.60,22328,3374,386274.40,17.30,47619,6779,652380.30,13.70
4449,30/09/2024,1,20,27,25,11,42,37,24,1,0,1000000.00,1000000.00,8,0,58794.40,7349.30,183,26,90987.60,497.20,9663,1401,258968.40,26.80,23121,3310,367623.90,15.90,41528,6373,622920.00,15.00
4448,27/09/2024,36,1,24,35,18,10,44,20,1,0,1000000.00,1000000.00,4,0,41043.60,10260.90,125,19,63518.75,508.15,6275,988,180720.00,28.80,15372,2648,256712.40,16.70,30466,5038,434140.50,14.25
4447,25/09/2024,16,9,39,44,17,12,23,42,0,0,0.00,0.00,8,1,63245.20,7905.65,165,18,97878.00,593.20,8994,1323,278364.30,30.95,23451,3420,396321.90,16.90,46203,6794,669943.50,14.50
4446,23/09/2024,43,33,7,23,36,11,3,21,3,1,3000000.00,1000000.00,19,3,57328.70,3017.30,256,69,88716.80,346.55,10612,1649,252565.60,23.80,30097,3365,359659.15,11.95,58639,6938,606913.65,10.35
4445,20/09/2024,14,27,35,22,6,11,21,8,2,0,2000000.00,1000000.00,8,2,40720.40,5090.05,189,23,63022.05,333.45,7672,1277,179524.80,23.40,18838,3270,255254.90,13.55,37970,6504,430959.50,11.35
4444,18/09/2024,4,2,30,23,18,24,26,40,2,0,2000000.00,1000000.00,10,2,61907.00,6190.70,244,31,95806.60,392.65,11321,1460,272836.10,24.10,24739,3473,387165.35,15.65,43347,6003,656707.05,15.15
4443,16/09/2024,36,20,4,30,31,15,45,27,1,0,1000000.00,1000000.00,13,1,58442.15,4495.55,212,31,90449.80,426.65,9566,1325,257325.40,26.90,21340,2939,365981.00,17.15,42351,6289,618324.60,14.60
4442,13/09/2024,24,6,27,7,36,41,11,18,0,0,0.00,0.00,6,0,43498.20,7249.70,115,13,67321.00,585.40,6528,1124,191596.80,29.35,18816,3368,272832.00,14.50,41549,7180,461193.90,11.10
4441,11/09/2024,6,19,41,21,35,44,22,40,0,0,0.00,0.00,6,2,63470.40,10578.40,187,19,98231.10,525.30,8736,1169,279552.00,32.00,21418,3284,397303.90,18.55,44866,6568,672990.00,15.00
4440,09/09/2024,4,12,8,16,43,27,9,38,0,0,0.00,0.00,15,2,63170.25,4211.35,233,24,97766.80,419.60,11595,1526,278280.00,24.00,26750,3536,395900.00,14.80,46234,6439,670393.00,14.50
4439,06/09/2024,16,20,26,4,22,5,8,24,0,0,0.00,0.00,12,1,110697.60,9224.80,232,35,171308.80,738.40,10572,1645,487369.20,46.10,28282,4323,692909.00,24.50,55440,9139,1175328.00,21.20
4438,04/09/2024,42,9,22,35,45,31,21,3,1,0,1000000.00,1000000.00,16,6,154025.60,9626.60,275,20,238370.00,866.80,11414,1513,677991.60,59.40,28159,3874,965853.70,34.30,71246,9584,1631533.40,22.90
4437,02/09/2024,32,24,44,37,35,15,22,13,0,0,0.00,0.00,7,2,141101.80,20157.40,157,21,218371.30,1390.90,9575,1416,621417.50,64.90,24102,3639,884543.40,36.70,55707,8365,1492947.60,26.80
4436,30/08/2024,36,32,14,6,21,42,25,43,0,0,0.00,0.00,7,0,36892.10,5270.30,126,15,57096.90,453.15,5440,1010,162384.00,29.85,12676,2370,230703.20,18.20,26103,4969,390239.85,14.95
4435,28/08/2024,7,12,43,8,32,22,18,45,2,0,2000000.00,1000000.00,11,2,60855.30,5532.30,213,42,94177.95,442.15,9796,1346,267920.60,27.35,24654,3419,380904.30,15.45,44319,6202,644841.45,14.55
4434,26/08/2024,5,26,38,45,32,25,8,2,1,0,1000000.00,1000000.00,8,1,57108.00,7138.50,140,34,88382.00,631.30,7488,1237,251596.80,33.60,20998,3060,358015.90,17.05,55722,7596,604583.70,10.85
4433,23/08/2024,38,11,29,42,15,43,37,34,0,0,0.00,0.00,6,0,39254.40,6542.40,132,23,60753.00,460.25,5729,1003,173015.80,30.20,13510,2439,245882.00,18.20,27973,5266,415399.05,14.85
4432,21/08/2024,3,5,15,36,44,24,32,14,0,0,0.00,0.00,13,2,57250.70,4403.90,165,26,88605.00,537.00,8668,1344,252238.80,29.10,20267,2946,358725.90,17.70,41951,6314,606191.95,14.45
4431,19/08/2024,33,24,15,20,38,19,35,13,0,0,0.00,0.00,6,1,55273.50,9212.25,115,24,85542.75,743.85,7512,1136,243388.80,32.40,20459,3040,345757.10,16.90,43643,6172,584816.20,13.40
4430,16/08/2024,24,37,15,40,20,2,10,17,0,0,0.00,0.00,5,0,38940.75,7788.15,110,20,60263.50,547.85,5385,993,171512.25,31.85,15103,2822,243913.45,16.15,33834,6485,412774.80,12.20
4429,14/08/2024,39,8,41,23,9,4,24,29,1,0,1000000.00,1000000.00,6,1,59984.10,9997.35,174,30,92829.00,533.50,9612,1516,264330.00,27.50,23316,3793,375387.60,16.10,48704,7047,635587.20,13.05
4428,12/08/2024,32,19,17,27,42,26,2,20,0,0,0.00,0.00,9,0,57625.65,6402.85,133,14,89183.15,670.55,8184,1393,253704.00,31.00,21671,3439,360822.15,16.65,51230,7371,609637.00,11.90
4427,09/08/2024,16,43,17,30,21,20,33,3,1,0,1000000.00,1000000.00,9,1,39933.00,4437.00,87,14,61800.45,710.35,6215,1065,175884.50,28.30,15996,3033,250337.40,15.65,35862,6340,423171.60,11.80
4426,07/08/2024,29,11,13,35,14,38,27,10,2,1,2000000.00,1000000.00,18,2,62100.90,3450.05,194,30,96107.60,495.40,10117,1424,273664.85,27.05,26561,3665,389118.65,14.65,58668,7950,657081.60,11.20
4425,05/08/2024,28,6,19,1,17,24,27,2,3,2,3000000.00,1000000.00,11,0,59990.70,5453.70,298,56,92841.90,311.55,12189,1765,264501.30,21.70,27820,4093,375570.00,13.50,54207,8294,636932.25,11.75
4424,02/08/2024,30,21,28,27,16,39,33,26,0,0,0.00,0.00,2,1,41343.10,20671.55,99,19,63983.70,646.30,5934,1171,182173.80,30.70,15589,3042,258777.40,16.60,29974,5374,437620.40,14.60
4423,31/07/2024,17,23,2,31,41,33,24,20,0,0,0.00,0.00,8,2,63413.60,7926.70,188,34,98136.00,522.00,9238,1436,279449.50,30.25,23264,3561,396651.20,17.05,52990,7529,672973.00,12.70
4422,29/07/2024,1,19,25,15,27,12,21,18,0,0,0.00,0.00,8,0,59625.60,7453.20,197,28,92274.80,468.40,10930,1645,262866.50,24.05,27292,3994,373900.40,13.70,54100,7817,632970.00,11.70
4421,26/07/2024,36,9,22,29,27,40,6,2,0,0,0.00,0.00,6,1,38819.40,6469.90,98,19,60078.90,613.05,5714,1100,170848.60,29.90,15179,2818,242864.00,16.00,35398,6418,410616.80,11.60
4420,24/07/2024,3,44,16,28,40,27,22,38,0,0,0.00,0.00,9,2,63490.95,7054.55,175,19,98262.50,561.50,8820,1185,279594.00,31.70,23025,3195,397181.25,17.25,48888,6768,672210.00,13.75
4419,22/07/2024,35,10,37,28,16,26,22,44,2,0,2000000.00,1000000.00,7,0,61011.30,8715.90,210,49,94426.50,449.65,9110,1607,268745.00,29.50,22859,3421,381745.30,16.70,46044,6905,646918.20,14.05
4418,19/07/2024,33,27,41,19,21,43,15,37,0,0,0.00,0.00,3,0,41671.80,13890.60,122,20,64489.20,528.60,5892,1124,183535.80,31.15,15509,2788,261326.65,16.85,32113,5412,441553.75,13.75
4417,17/07/2024,11,34,2,4,30,29,10,20,0,0,0.00,0.00,11,1,65235.50,5930.50,207,25,100964.25,487.75,11412,1456,287582.40,25.20,31303,3844,408504.15,13.05,70586,9028,691742.80,9.80
4416,15/07/2024,26,14,6,18,8,25,11,27,0,0,0.00,0.00,22,0,59008.40,2682.20,236,33,91320.20,386.95,11255,1523,259990.50,23.10,28672,4127,369868.80,12.90,62218,8503,625290.90,10.05
4415,12/07/2024,11,26,45,2,30,21,8,37,0,0,0.00,0.00,4,1,41439.60,10359.90,98,21,64131.20,654.40,6618,1229,182656.80,27.60,16940,2897,259182.00,15.30,30313,5604,439538.50,14.50
4414,10/07/2024,21,44,5,7,31,26,37,25,0,0,0.00,0.00,9,2,64683.45,7187.05,236,32,100111.20,424.20,10947,1410,285169.35,26.05,25820,3611,405374.00,15.70,46239,6911,684337.20,14.80
4413,08/07/2024,11,21,10,16,27,44,26,4,0,0,0.00,0.00,10,3,61204.00,6120.40,206,45,94718.80,459.80,10547,1487,269475.85,25.55,28607,3937,383333.80,13.40,57226,7976,649515.10,11.35
4412,05/07/2024,23,6,11,43,2,16,24,41,1,0,1000000.00,1000000.00,8,2,104387.20,13048.40,172,30,161559.60,939.30,8739,1637,459671.40,52.60,19901,3648,652752.80,32.80,38214,6617,1104384.60,28.90
4411,03/07/2024,21,30,25,31,16,4,35,27,0,0,0.00,0.00,15,5,146314.50,9754.30,231,33,226449.30,980.30,12404,1827,645008.00,52.00,30040,4412,916220.00,30.50,56799,8157,1550612.70,27.30
4410,01/07/2024,13,7,15,29,5,11,20,38,4,0,4000000.00,1000000.00,18,3,134757.00,7486.50,511,58,208539.10,408.10,18144,2479,593308.80,32.70,32227,4050,844347.40,26.20,51599,7429,1429292.30,27.70
4409,28/06/2024,29,26,43,42,35,23,22,3,0,0,0.00,0.00,2,0,37028.50,18514.25,89,23,57307.10,643.90,5143,936,163033.10,31.70,13598,2580,231845.90,17.05,32558,6112,392323.90,12.05
4408,26/06/2024,37,17,29,39,28,15,16,41,0,0,0.00,0.00,9,0,62367.75,6929.75,150,18,96525.00,643.50,9015,1265,274506.75,30.45,20768,3107,390438.40,18.80,40624,6657,660140.00,16.25
4407,24/06/2024,17,41,29,5,8,12,11,37,2,0,2000000.00,1000000.00,11,3,58993.00,5363.00,203,29,91299.25,449.75,10350,1504,259785.00,25.10,24654,3854,369810.00,15.00,45513,6702,625803.75,13.75
4406,21/06/2024,24,35,37,45,28,11,2,39,0,0,0.00,0.00,6,1,40299.00,6716.50,114,18,62369.40,547.10,5611,1014,177588.15,31.65,14615,2808,252108.75,17.25,29297,5523,426271.35,14.55
4405,19/06/2024,3,43,44,41,25,20,11,1,0,0,0.00,0.00,6,0,63315.30,10552.55,120,23,97986.00,816.55,8269,1217,279078.75,33.75,23010,3432,396922.50,17.25,66509,9131,671740.90,10.10
4404,17/06/2024,38,44,3,28,24,7,32,13,1,0,1000000.00,1000000.00,10,1,60700.00,6070.00,209,42,93935.05,449.45,9283,1363,267350.40,28.80,24647,3712,379563.80,15.40,48594,7767,643870.50,13.25
4403,14/06/2024,3,1,20,9,18,4,10,12,2,0,2000000.00,1000000.00,17,2,40468.50,2380.50,224,38,62630.40,279.60,9287,1709,178310.40,19.20,23059,4166,253649.00,11.00,39217,7594,429426.15,10.95
4402,12/06/2024,19,27,13,29,36,10,38,30,1,0,1000000.00,1000000.00,7,1,64457.75,9208.25,275,32,99756.25,362.75,12476,1691,283829.00,22.75,25623,3704,403562.25,15.75,45010,6777,681901.50,15.15
4401,10/06/2024,16,26,36,21,34,42,17,38,0,0,0.00,0.00,3,0,58840.95,19613.65,143,30,91062.40,636.80,8408,1533,259386.80,30.85,21434,3522,368664.80,17.20,42574,7168,623709.10,14.65
4400,07/06/2024,22,5,34,10,7,44,21,11,0,0,0.00,0.00,6,1,42233.10,7038.85,146,32,65364.20,447.70,7021,1303,186056.50,26.50,19910,3867,264803.00,13.30,44316,8609,447591.60,10.10
4399,05/06/2024,13,19,22,14,35,23,8,2,0,0,0.00,0.00,11,2,67726.45,6156.95,236,42,104819.40,444.15,11872,1710,298580.80,25.15,31557,4613,424441.65,13.45,69011,10353,717714.40,10.40
4398,03/06/2024,44,5,24,26,33,32,36,28,0,0,0.00,0.00,2,0,62946.80,31473.40,143,18,97418.75,681.25,8422,1208,277083.80,32.90,21471,2965,393992.85,18.35,47289,6707,666774.90,14.10
4397,31/05/2024,11,27,1,14,37,26,21,9,1,1,1000000.00,1000000.00,6,2,43371.60,7228.60,117,24,67122.90,573.70,7142,1526,191048.50,26.75,18953,4023,271975.55,14.35,39663,8620,460090.80,11.60
4396,29/05/2024,40,11,29,9,5,7,17,3,0,0,0.00,0.00,24,4,70470.00,2936.25,331,34,109064.50,329.50,15883,2053,310512.65,19.55,42306,5843,442097.70,10.45,72660,11216,748398.00,10.30
4395,27/05/2024,5,39,36,41,4,27,35,24,1,0,1000000.00,1000000.00,7,0,63498.05,9071.15,142,26,98271.10,692.05,8451,1452,279728.10,33.10,21614,3660,397697.60,18.40,44551,7210,672720.10,15.10
4394,24/05/2024,2,36,10,9,7,25,32,3,1,0,1000000.00,1000000.00,4,1,49360.20,12340.05,179,45,76388.25,426.75,8526,2176,217413.00,25.50,20313,5146,308757.60,15.20,38812,9929,522021.40,13.45
4393,22/05/2024,3,32,21,36,20,16,35,43,3,1,3000000.00,1000000.00,14,3,64718.50,4622.75,199,36,100156.70,503.30,9984,1832,285043.20,28.55,22596,4460,405598.20,17.95,44806,8596,685531.80,15.30
4392,20/05/2024,30,9,25,3,31,35,43,15,2,0,2000000.00,1000000.00,15,2,65874.75,4391.65,224,35,101953.60,455.15,10738,2028,289926.00,27.00,26099,4809,412364.20,15.80,46240,9723,698224.00,15.10
